{
  "backgroundColor": "rgba(40, 39, 39, 1)",
  "skinName": "diet-tiny-editor",
  "contentCss": "body {\n  font-family: -apple-system, BlinkMacSystemFont, 'Segoe UI', Roboto, Oxygen, Ubuntu, Cantarell, 'Open Sans', 'Helvetica Neue', sans-serif;\n  line-height: 1.4;\n  margin: 1rem;\n  color: white;\n}\n\ntable {\n  border-collapse: collapse;\n}\n\ntable th,\ntable td {\n  border: 1px solid #ccc;\n  padding: .4rem;\n}\n\nfigure {\n  display: table;\n  margin: 1rem auto;\n}\n\nfigure figcaption {\n  color: #999;\n  display: block;\n  margin-top: .25rem;\n  text-align: center;\n}\n\nhr {\n  border-color: #ccc;\n  border-style: solid;\n  border-width: 1px 0 0 0;\n}\n\ncode {\n  background-color: #e8e8e8;\n  border-radius: 3px;\n  padding: .1rem .2rem;\n}\n\n.mce-content-body:not([dir=rtl]) {\n  blockquote {\n    border-left: 2px solid #ccc;\n    margin-left: 1.5rem;\n    padding-left: 1rem;\n  }\n}\n\n// RTL\n.mce-content-body[dir=rtl] {\n  blockquote {\n    border-right: 2px solid #ccc;\n    margin-right: 1.5rem;\n    padding-right: 1rem;\n  }\n}\n",
  "initConfig": "tinymce.init({\n  plugins: [\n    \"advlist autolink lists link image charmap print\",\n    \"preview anchor searchreplace visualblocks code\",\n    \"fullscreen insertdatetime media table paste\"\n  ],\n  toolbar: \"insertfile undo redo | styleselect | bold italic | alignleft aligncenter alignright alignjustify | bullist numlist outdent indent | link image\",\n  height: 360\n});",
  "lessVariablesMap": {
    "@background-color": "rgba(51, 58, 64, 1)",
    "@toolbar-background-color": "rgba(51, 58, 64, 1)",
    "@menubar-background-color": "rgba(51, 58, 64, 1)",
    "@border-color": "rgba(51, 58, 64, 1)",
    "@color-black": "rgba(255, 255, 255, 1)",
    "@color-white": "rgba(47, 45, 45, 1)",
    "@color-tint": "#207ab7",
    "@color-error": "#c00",
    "@color-success": "#78AB46",
    "@base-value": "16px",
    "@control-border-radius": "3px",
    "@panel-border-radius": "3px",
    "@tinymce-border-radius": "0px",
    "@font-stack": "-apple-system,BlinkMacSystemFont,\"Segoe UI\",Roboto,Oxygen-Sans,Ubuntu,Cantarell,\"Helvetica Neue\",sans-serif;",
    "@font-weight-normal": "normal",
    "@font-weight-bold": "bold",
    "@toolbar-button-icon-color": "rgba(255, 255, 255, 1)",
    "@toolbar-button-text-color": "rgba(255, 255, 255, 1)",
    "@toolbar-button-hover-background-color": "rgba(32, 31, 31, 1)",
    "@toolbar-button-hover-icon-color": "@toolbar-button-icon-color",
    "@toolbar-button-hover-text-color": "@toolbar-button-icon-color",
    "@toolbar-button-focus-background-color": "rgba(255, 255, 255, 1)",
    "@toolbar-button-focus-icon-color": "@toolbar-button-hover-icon-color",
    "@toolbar-button-focus-text-color": "@toolbar-button-hover-icon-color",
    "@toolbar-button-active-background-color": "@toolbar-button-hover-background-color",
    "@toolbar-button-enabled-background-color": "@toolbar-button-hover-background-color",
    "@toolbar-button-active-icon-color": "@toolbar-button-hover-icon-color",
    "@toolbar-button-active-text-color": "@toolbar-button-hover-icon-color",
    "@toolbar-button-enabled-icon-color": "@toolbar-button-hover-icon-color",
    "@toolbar-button-enabled-text-color": "@toolbar-button-hover-icon-color"
  },
  "lessVariables": "@background-color: rgba(51, 58, 64, 1);\n@toolbar-background-color: rgba(51, 58, 64, 1);\n@menubar-background-color: rgba(51, 58, 64, 1);\n@border-color: rgba(51, 58, 64, 1);\n@color-black: rgba(255, 255, 255, 1);\n@color-white: rgba(47, 45, 45, 1);\n@color-tint: #207ab7;\n@color-error: #c00;\n@color-success: #78AB46;\n@base-value: 16px;\n@control-border-radius: 3px;\n@panel-border-radius: 3px;\n@tinymce-border-radius: 0px;\n@font-stack: -apple-system,BlinkMacSystemFont,\"Segoe UI\",Roboto,Oxygen-Sans,Ubuntu,Cantarell,\"Helvetica Neue\",sans-serif;;\n@font-weight-normal: normal;\n@font-weight-bold: bold;\n@toolbar-button-icon-color: rgba(255, 255, 255, 1);\n@toolbar-button-text-color: rgba(255, 255, 255, 1);\n@toolbar-button-hover-background-color: rgba(32, 31, 31, 1);\n@toolbar-button-hover-icon-color: @toolbar-button-icon-color;\n@toolbar-button-hover-text-color: @toolbar-button-icon-color;\n@toolbar-button-focus-background-color: rgba(255, 255, 255, 1);\n@toolbar-button-focus-icon-color: @toolbar-button-hover-icon-color;\n@toolbar-button-focus-text-color: @toolbar-button-hover-icon-color;\n@toolbar-button-active-background-color: @toolbar-button-hover-background-color;\n@toolbar-button-enabled-background-color: @toolbar-button-hover-background-color;\n@toolbar-button-active-icon-color: @toolbar-button-hover-icon-color;\n@toolbar-button-active-text-color: @toolbar-button-hover-icon-color;\n@toolbar-button-enabled-icon-color: @toolbar-button-hover-icon-color;\n@toolbar-button-enabled-text-color: @toolbar-button-hover-icon-color;\n"
}